{
    "permissions": [
        {
            "id": "1",
            "name": "CREATE",
            "description": "Allows creation of new Users",
            "isActive": true
        },
        {
            "id": "2",
            "name": "UPDATE",
            "description": "Allows updating of existing Users",
            "isActive": true
        },
        {
            "id": "3",
            "name": "READ",
            "description": "Allows reading/viewing of Users",
            "isActive": true
        },
        {
            "id": "4",
            "name": "DELETE",
            "description": "Allows deletion of Users",
            "isActive": true
        }
    ]
}